{
  "Usuario": "tunombredeusuario@correo.com",
  "Clave": "tuclavesecreta",
  "URLBase": "https://api.aslan.com.do/TesteCF/",
  "uRlAutenticacion": "https://api.aslan.com.do/TesteCF/RNC_SIN_ESPACIOS_NI_GUIONES/fe/Autenticacion",
  "uRlRecepcion": "https://api.aslan.com.do/TesteCF/RNC_SIN_ESPACIOS_NI_GUIONES/Recepcion/api/ecf",
  "uRlAprobacionComercial": "https://api.aslan.com.do/TesteCF/RNC_SIN_ESPACIOS_NI_GUIONES/AprobacionComercial/api/ecf",
  "RNCEmisor": "RNC_SIN_ESPACIOS_NI_GUIONES",
  "RazonSocialEmisor": "NOMBRE COMERCIAL",
  "DirecionEmisor": "Mi direccion como emisor",
  "Municipio": "010101",
  "Provincia": "010000"
}